{
  "project_info": {
    "project_number": "179302705538",
    "project_id": "word-game-daab9",
    "storage_bucket": "word-game-daab9.appspot.com"
  },
  "client": [
    {
      "client_info": {
        "mobilesdk_app_id": "1:179302705538:android:3dab68beefc7ec70d5879b",
        "android_client_info": {
          "package_name": "com.gurkantngl.wordgame"
        }
      },
      "oauth_client": [],
      "api_key": [
        {
          "current_key": "AIzaSyCZLmBNlIzgXY15sqDRM5FyFDPWqrje_Tk"
        }
      ],
      "services": {
        "appinvite_service": {
          "other_platform_oauth_client": []
        }
      }
    }
  ],
  "configuration_version": "1"
}